"name","tests","assertions","failures","errors","skipped","time"
"Tests\Unit\AiPhase6ContractEvaluationTest","173","498","0","0","0","0.290111"
"Tests\Unit\ExampleTest","1","1","0","0","0","0.404456"
"Tests\Unit\MatchingEngineTest","17","126","0","0","0","0.045201"
"Tests\Unit\TestDatabaseGuardTest","10","19","0","0","0","0.029225"
"Tests\Feature\AdminComplianceAndGovernanceTest","6","50","0","0","0","23.260613"
"Tests\Feature\AdminInsightTest","40","128","0","0","0","4.752296"
"Tests\Feature\AdminLoginTest","3","19","0","0","0","0.996576"
"Tests\Feature\AdminMiddlewareSecurityTest","3","17","0","0","0","0.228069"
"Tests\Feature\AdminReputationAuditTest","2","9","0","0","0","0.169007"
"Tests\Feature\AdminUserDirectoryTest","6","100","0","0","0","0.714743"
"Tests\Feature\AdminVerificationDecisionTest","6","63","0","0","0","0.605991"
"Tests\Feature\AdminVerificationReviewTest","7","41","0","0","0","0.650859"
"Tests\Feature\AiFoundationTest","19","96","0","0","0","2.301359"
"Tests\Feature\AiPhase5EvaluationTest","55","132","0","0","0","16.590125"
"Tests\Feature\AiPhase6SecurityTest","5","22","0","0","0","2.407975"
"Tests\Feature\ApiFoundationTest","10","48","0","0","0","2.091441"
"Tests\Feature\AuthenticationTest","20","136","0","0","0","6.929293"
"Tests\Feature\BusinessAnalysisTest","48","520","0","0","0","23.598170"
"Tests\Feature\BusinessApprovalAndPublishingTest","8","39","0","0","0","2.118733"
"Tests\Feature\BusinessAuthorizationTest","14","136","0","0","0","14.346267"
"Tests\Feature\BusinessConnectionApiTest","25","134","0","0","0","8.536518"
"Tests\Feature\BusinessConnectionConcurrencyTest","1","11","0","0","0","6.064873"
"Tests\Feature\BusinessConnectionServiceTest","4","10","0","0","0","0.364172"
"Tests\Feature\BusinessDisclosureApiTest","27","116","0","0","0","4.934030"
"Tests\Feature\BusinessDisclosureTest","11","64","0","0","0","3.226437"
"Tests\Feature\BusinessDocumentAuthorizationTest","13","109","0","0","0","5.034441"
"Tests\Feature\BusinessDocumentTest","9","126","0","0","0","4.015002"
"Tests\Feature\BusinessNarrativeAnalysisTest","31","313","0","0","0","22.785034"
"Tests\Feature\BusinessNdaApiTest","23","137","0","0","0","9.427292"
"Tests\Feature\BusinessNdaDealLifecycleTest","10","65","0","0","0","2.195863"
"Tests\Feature\BusinessNdaFoundationTest","5","18","0","0","0","0.543463"
"Tests\Feature\BusinessNdaServiceTest","15","51","0","0","0","3.488898"
"Tests\Feature\BusinessPhotoUploadTest","4","23","0","0","0","0.834331"
"Tests\Feature\BusinessRequirementDetailsTest","28","187","0","0","0","7.140161"
"Tests\Feature\BusinessRequirementsTest","20","129","0","0","0","5.689767"
"Tests\Feature\BusinessSubmissionTest","13","98","0","0","0","2.148684"
"Tests\Feature\DealApiTest","22","77","0","0","0","8.931784"
"Tests\Feature\DealAuthorizationMatrixTest","6","172","0","0","0","2.729216"
"Tests\Feature\DealFeedbackTest","6","83","0","0","0","0.819184"
"Tests\Feature\DealInsightFoundationTest","51","103","0","0","0","4.784009"
"Tests\Feature\DealInsightGenerationTest","13","95","0","0","0","5.443399"
"Tests\Feature\DealMessageTest","13","71","0","0","0","2.191304"
"Tests\Feature\DealMilestoneTest","38","222","0","0","0","6.948570"
"Tests\Feature\DealNegotiationAndAgreementTest","15","94","0","0","0","2.699354"
"Tests\Feature\DealServiceTest","5","10","0","0","0","0.662348"
"Tests\Feature\DisclosureInterestSynchronizationTest","24","124","0","0","0","3.751958"
"Tests\Feature\ExampleTest","1","1","0","0","0","0.216113"
"Tests\Feature\FinancialReportingIntegrationTest","7","58","0","0","0","1.276153"
"Tests\Feature\FinancialReportingTest","17","96","0","0","0","2.474329"
"Tests\Feature\MatchingCompletenessTest","11","83","0","0","0","1.163207"
"Tests\Feature\MatchingInsightEvaluationTest","38","96","0","0","0","6.485921"
"Tests\Feature\MatchingInsightFoundationTest","29","66","0","0","0","1.417041"
"Tests\Feature\MatchingInsightGenerationTest","10","52","0","0","0","1.843998"
"Tests\Feature\MatchingRecommendationTest","13","136","0","0","0","1.745454"
"Tests\Feature\NotificationTest","15","32","0","0","0","0.936445"
"Tests\Feature\ParticipantRoleManagementTest","6","23","0","0","0","0.421023"
"Tests\Feature\PhoneDeliveryInfrastructureTest","9","45","0","0","0","0.891471"
"Tests\Feature\PhoneVerificationConcurrencyTest","3","20","0","0","0","47.444649"
"Tests\Feature\PhoneVerificationTest","12","159","0","0","0","11.771071"
"Tests\Feature\ProfileDataTest","37","205","0","0","0","3.325168"
"Tests\Feature\ReadinessAssessmentConcurrencyTest","1","13","0","0","0","2.816746"
"Tests\Feature\ReadinessAssessmentTest","13","210","0","0","0","7.027472"
"Tests\Feature\ReadinessInputAuthorizationTest","5","50","0","0","0","1.983497"
"Tests\Feature\ReadinessInputTest","30","244","0","0","0","12.392284"
"Tests\Feature\ReadinessInsightTest","8","170","0","0","0","6.276143"
"Tests\Feature\ReadinessScoringTest","6","198","0","0","0","3.585914"
"Tests\Feature\ReputationSummaryTest","4","34","0","0","0","0.397322"
"Tests\Feature\RoleProfileTest","24","142","0","0","0","2.107019"
"Tests\Feature\SelfMatchDetailTest","11","63","0","0","0","1.163790"
"Tests\Feature\SettingsTest","14","53","0","0","0","0.927707"
"Tests\Feature\StageFourServiceTest","14","31","0","0","0","1.028370"
"Tests\Feature\StagedDocumentAccessTest","28","55","0","0","0","5.047043"
"Tests\Feature\TestDatabaseSafetyTest","3","6","0","0","0","0.220176"
"Tests\Feature\UserPhotoUploadTest","4","19","0","0","0","0.344781"
"Tests\Feature\UserProfilePersistenceTest","3","18","0","0","0","0.210029"
"Tests\Feature\VerificationEvidenceUploadTest","13","68","0","0","0","1.001795"
"Tests\Feature\VerificationFoundationTest","9","37","0","0","0","0.493511"
"Tests\Feature\VerificationGatingTest","8","48","0","0","0","0.636532"
"Tests\Feature\VerificationInfrastructureTest","8","90","0","0","0","0.849482"
"Tests\Feature\VerificationProfileIntegrationTest","8","49","0","0","0","0.449598"
"Tests\Feature\VerificationRequestCreationTest","10","53","0","0","0","0.972567"
